{"cameraMode":{"drawMode":0,"name":"Shaded","section":"Shading Mode"},"sceneLighting":false,"audioPlay":false,"sceneViewState":{"showFog":false,"showMaterialUpdate":false,"showSkybox":false,"showFlares":false,"showImageEffects":false,"showParticleSystems":false},"in2DMode":false,"pivot":{"x":15.720000267028809,"y":1.065685510635376,"z":0.06582862138748169},"rotation":{"x":0.38687387108802798,"y":-0.13762369751930238,"z":0.03218557685613632,"w":0.9121291637420654},"size":0.8246212601661682,"orthographic":false}