{"cameraMode":{"drawMode":0,"name":"Shaded","section":"Shading Mode"},"sceneLighting":true,"audioPlay":false,"sceneViewState":{"showFog":false,"showMaterialUpdate":false,"showSkybox":false,"showFlares":false,"showImageEffects":false,"showParticleSystems":false},"in2DMode":false,"pivot":{"x":9.690933227539063,"y":0.4018287658691406,"z":7.850099563598633},"rotation":{"x":-0.6142013669013977,"y":-0.018159454688429834,"z":0.019750023260712625,"w":-0.7891362905502319},"size":5.027414321899414,"orthographic":false}