{"cameraMode":{"drawMode":0,"name":"Shaded","section":"Shading Mode"},"sceneLighting":false,"audioPlay":false,"sceneViewState":{"showFog":false,"showMaterialUpdate":false,"showSkybox":false,"showFlares":false,"showImageEffects":false,"showParticleSystems":false},"in2DMode":false,"pivot":{"x":6.935208320617676,"y":1.859473705291748,"z":3.3030481338500978},"rotation":{"x":-0.21047373116016389,"y":0.29019245505332949,"z":-0.06572839617729187,"w":-0.931294322013855},"size":0.5805386304855347,"orthographic":false}