{"cameraMode":{"drawMode":0,"name":"Shaded","section":"Shading Mode"},"sceneLighting":false,"audioPlay":false,"sceneViewState":{"showFog":false,"showMaterialUpdate":false,"showSkybox":false,"showFlares":false,"showImageEffects":false,"showParticleSystems":false},"in2DMode":false,"pivot":{"x":-0.462740421295166,"y":0.9648172855377197,"z":0.054508060216903689},"rotation":{"x":-0.2758840322494507,"y":0.6603294014930725,"z":-0.2781040370464325,"w":-0.6414400935173035},"size":2.6521453857421877,"orthographic":false}