{"cameraMode":{"drawMode":0,"name":"Shaded","section":"Shading Mode"},"sceneLighting":true,"audioPlay":false,"sceneViewState":{"showFog":false,"showMaterialUpdate":false,"showSkybox":false,"showFlares":false,"showImageEffects":false,"showParticleSystems":false},"in2DMode":false,"pivot":{"x":5.745457649230957,"y":0.1756582260131836,"z":13.448291778564454},"rotation":{"x":-0.47482675313949587,"y":0.11234439164400101,"z":-0.05428284406661987,"w":-0.8717408180236816},"size":3.6421127319335939,"orthographic":false}