{"cameraMode":{"drawMode":0,"name":"Shaded","section":"Shading Mode"},"sceneLighting":false,"audioPlay":false,"sceneViewState":{"showFog":false,"showMaterialUpdate":false,"showSkybox":false,"showFlares":false,"showImageEffects":false,"showParticleSystems":false},"in2DMode":false,"pivot":{"x":-1.0116426944732667,"y":1.8767528533935547,"z":0.1985260248184204},"rotation":{"x":-0.5377910137176514,"y":0.4645293653011322,"z":-0.4702623188495636,"w":-0.5241730213165283},"size":3.1465752124786379,"orthographic":false}