{"cameraMode":{"drawMode":0,"name":"Shaded","section":"Shading Mode"},"sceneLighting":false,"audioPlay":false,"sceneViewState":{"showFog":false,"showMaterialUpdate":false,"showSkybox":false,"showFlares":false,"showImageEffects":false,"showParticleSystems":false},"in2DMode":false,"pivot":{"x":15.881622314453125,"y":0.7938045263290405,"z":1.2397000789642335},"rotation":{"x":0.35482311248779299,"y":-0.061851128935813907,"z":-0.0018535355338826776,"w":0.9337537884712219},"size":1.4188487529754639,"orthographic":false}