{"cameraMode":{"drawMode":0,"name":"Shaded","section":"Shading Mode"},"sceneLighting":false,"audioPlay":false,"sceneViewState":{"showFog":false,"showMaterialUpdate":false,"showSkybox":false,"showFlares":false,"showImageEffects":false,"showParticleSystems":false},"in2DMode":false,"pivot":{"x":16.2096004486084,"y":0.9263455867767334,"z":0.6333811283111572},"rotation":{"x":0.4261761009693146,"y":0.02278185449540615,"z":-0.03884373977780342,"w":0.9044529795646668},"size":1.5342941284179688,"orthographic":false}