{"cameraMode":{"drawMode":0,"name":"Shaded","section":"Shading Mode"},"sceneLighting":false,"audioPlay":false,"sceneViewState":{"showFog":false,"showMaterialUpdate":false,"showSkybox":false,"showFlares":false,"showImageEffects":false,"showParticleSystems":false},"in2DMode":false,"pivot":{"x":-0.8023951053619385,"y":0.711275577545166,"z":2.3414013385772707},"rotation":{"x":-0.3276520073413849,"y":0.6189857125282288,"z":-0.3087455928325653,"w":-0.6440986394882202},"size":6.145567893981934,"orthographic":false}