{"cameraMode":{"drawMode":0,"name":"Shaded","section":"Shading Mode"},"sceneLighting":false,"audioPlay":false,"sceneViewState":{"showFog":false,"showMaterialUpdate":false,"showSkybox":false,"showFlares":false,"showImageEffects":false,"showParticleSystems":false},"in2DMode":false,"pivot":{"x":6.567715644836426,"y":0.9046552181243897,"z":2.4967124462127687},"rotation":{"x":-0.2883743941783905,"y":0.30516305565834048,"z":-0.09754639118909836,"w":-0.9024209976196289},"size":1.4805386066436768,"orthographic":false}