{"cameraMode":{"drawMode":0,"name":"Shaded","section":"Shading Mode"},"sceneLighting":true,"audioPlay":false,"sceneViewState":{"showFog":false,"showMaterialUpdate":false,"showSkybox":false,"showFlares":false,"showImageEffects":false,"showParticleSystems":false},"in2DMode":false,"pivot":{"x":7.485247611999512,"y":-3.079408645629883,"z":3.856362819671631},"rotation":{"x":0.6079297661781311,"y":0.08039454370737076,"z":-0.07508347183465958,"w":0.7870762348175049},"size":21.69451904296875,"orthographic":false}