{"cameraMode":{"drawMode":0,"name":"Shaded","section":"Shading Mode"},"sceneLighting":false,"audioPlay":false,"sceneViewState":{"showFog":false,"showMaterialUpdate":false,"showSkybox":false,"showFlares":false,"showImageEffects":false,"showParticleSystems":false},"in2DMode":false,"pivot":{"x":-1.0049999952316285,"y":1.5,"z":1.0049999952316285},"rotation":{"x":-0.07999631017446518,"y":0.33115890622138979,"z":-0.021076546981930734,"w":-0.9406582713127136},"size":0.8358714580535889,"orthographic":false}