{"cameraMode":{"drawMode":0,"name":"Shaded","section":"Shading Mode"},"sceneLighting":false,"audioPlay":false,"sceneViewState":{"showFog":false,"showMaterialUpdate":false,"showSkybox":false,"showFlares":false,"showImageEffects":false,"showParticleSystems":false},"in2DMode":false,"pivot":{"x":15.881622314453125,"y":0.7938045263290405,"z":1.2397000789642335},"rotation":{"x":0.3170941472053528,"y":0.001505641732364893,"z":-0.028003454208374025,"w":0.9488454461097717},"size":2.0188486576080324,"orthographic":false}