{"cameraMode":{"drawMode":0,"name":"Shaded","section":"Shading Mode"},"sceneLighting":false,"audioPlay":false,"sceneViewState":{"showFog":false,"showMaterialUpdate":false,"showSkybox":false,"showFlares":false,"showImageEffects":false,"showParticleSystems":false},"in2DMode":false,"pivot":{"x":15.881622314453125,"y":0.7938045263290405,"z":1.2397000789642335},"rotation":{"x":0.2873327136039734,"y":-0.007609691005200148,"z":-0.024712486192584039,"w":0.9583402872085571},"size":2.0188486576080324,"orthographic":false}