{"cameraMode":{"drawMode":0,"name":"Shaded","section":"Shading Mode"},"sceneLighting":false,"audioPlay":false,"sceneViewState":{"showFog":false,"showMaterialUpdate":false,"showSkybox":false,"showFlares":false,"showImageEffects":false,"showParticleSystems":false},"in2DMode":false,"pivot":{"x":-0.7579057812690735,"y":0.5302379131317139,"z":0.6877917647361755},"rotation":{"x":0.010452073998749257,"y":0.010995087213814259,"z":0.004847428295761347,"w":-1.000227928161621},"size":0.6027737855911255,"orthographic":false}