{"cameraMode":{"drawMode":0,"name":"Shaded","section":"Shading Mode"},"sceneLighting":true,"audioPlay":false,"sceneViewState":{"showFog":false,"showMaterialUpdate":false,"showSkybox":false,"showFlares":false,"showImageEffects":false,"showParticleSystems":false},"in2DMode":false,"pivot":{"x":10.456490516662598,"y":-11.836694717407227,"z":17.793392181396486},"rotation":{"x":0.412969172000885,"y":-0.036449577659368518,"z":0.017738090828061105,"w":0.9101688861846924},"size":10.30064868927002,"orthographic":false}