{"cameraMode":{"drawMode":0,"name":"Shaded","section":"Shading Mode"},"sceneLighting":false,"audioPlay":false,"sceneViewState":{"showFog":false,"showMaterialUpdate":false,"showSkybox":false,"showFlares":false,"showImageEffects":false,"showParticleSystems":false},"in2DMode":false,"pivot":{"x":-0.00398564338684082,"y":1.249959111213684,"z":-0.6319988369941711},"rotation":{"x":0.028184881433844568,"y":-0.014398464001715184,"z":-0.0004776140267495066,"w":-0.9995569586753845},"size":2.979154348373413,"orthographic":false}