{"cameraMode":{"drawMode":0,"name":"Shaded","section":"Shading Mode"},"sceneLighting":false,"audioPlay":false,"sceneViewState":{"showFog":false,"showMaterialUpdate":false,"showSkybox":false,"showFlares":false,"showImageEffects":false,"showParticleSystems":false},"in2DMode":false,"pivot":{"x":-0.45169126987457278,"y":1.5656328201293946,"z":0.3537454605102539},"rotation":{"x":0.33164313435554507,"y":-0.04395131766796112,"z":0.005583816207945347,"w":0.9429201483726502},"size":2.679152250289917,"orthographic":false}