{"cameraMode":{"drawMode":0,"name":"Shaded","section":"Shading Mode"},"sceneLighting":false,"audioPlay":false,"sceneViewState":{"showFog":false,"showMaterialUpdate":false,"showSkybox":false,"showFlares":false,"showImageEffects":false,"showParticleSystems":false},"in2DMode":false,"pivot":{"x":22.328258514404298,"y":-0.38079914450645449,"z":22.23090362548828},"rotation":{"x":0.47192269563674929,"y":-0.04169479385018349,"z":0.02385885827243328,"w":0.8806664943695068},"size":2.1371169090270998,"orthographic":false}