{"cameraMode":{"drawMode":0,"name":"Shaded","section":"Shading Mode"},"sceneLighting":false,"audioPlay":false,"sceneViewState":{"showFog":false,"showMaterialUpdate":false,"showSkybox":false,"showFlares":false,"showImageEffects":false,"showParticleSystems":false},"in2DMode":false,"pivot":{"x":-1.0116426944732667,"y":1.8767528533935547,"z":0.1985260248184204},"rotation":{"x":-0.23783542215824128,"y":0.702041745185852,"z":-0.2642751634120941,"w":-0.6177713871002197},"size":3.1465752124786379,"orthographic":false}